<?xml version="1.0" encoding="UTF-8"?>
<!DOCTYPE mapper PUBLIC "-//mybatis.org//DTD Mapper 3.0//EN" "http://mybatis.org/dtd/mybatis-3-mapper.dtd">
<mapper namespace="com.chd.modules.oversee.issue.mapper.MorphologicalSubclassMapper">

    <select id="selectMorphologicalSubclassPageVo" parameterType="map" resultType="com.chd.modules.oversee.issue.entity.MorphologicalSubclass">
        SELECT ois.* ,
        (SELECT name FROM morphological_categories oic WHERE oic.id = ois.morphological_categories_id) issueCategoryName,
        (SELECT realname FROM sys_user su WHERE su.id = ois.create_user_id) createUserRealName,
        (SELECT realname FROM sys_user su WHERE su.id = ois.update_user_id) updateUserRealName
        FROM morphological_subclass ois
        WHERE ois.data_type = 1
        <if test="map.name!= null "> and ois.name LIKE #{map.name}</if>
        <if test="map.morphologicalCategoriesId!= null and map.morphologicalCategoriesId != '0'.toString()"> and ois.morphological_categories_id = #{map.morphologicalCategoriesId}</if>
        ORDER BY ois.sort
    </select>

    <select id="selectMorphologicalSubclassList" parameterType="map" resultType="com.chd.modules.oversee.issue.entity.MorphologicalSubclass">
        SELECT ois.*
        FROM morphological_subclass ois
        WHERE ois.data_type = 1
        <if test="map.name!= null "> and ois.name LIKE #{map.name}</if>
        <if test="map.morphologicalCategoriesId!= null and map.morphologicalCategoriesId != '0'.toString()"> and ois.morphological_categories_id = #{map.morphologicalCategoriesId}</if>
        ORDER BY ois.sort
    </select>



</mapper>
