<?xml version="1.0" encoding="UTF-8"?>
<!DOCTYPE mapper PUBLIC "-//mybatis.org//DTD Mapper 3.0//EN" "http://mybatis.org/dtd/mybatis-3-mapper.dtd">
<mapper namespace="com.chd.modules.oversee.issue.mapper.OverseeIssueAppendixMapper">

    <select id="selectOverseeIssueAppendixList" parameterType="map" resultType="com.chd.modules.oversee.issue.entity.OverseeIssueAppendix">
        SELECT oia.*,ofi.file_name fileName,ofi.url url,ofi.relative_path relativePath
        FROM oversee_issue_appendix oia
        LEFT JOIN oss_file ofi ON ofi.id = oia.appendix_path
        WHERE oia.data_type = 1
        <if test="map.id!= null "> and oia.id = #{map.id}</if>
        <if test="map.issueId!= null "> and oia.issue_id = #{map.issueId}</if>
        ORDER BY oia.create_time
    </select>

    <select id="getOssFileList" parameterType="map" resultType="java.util.Map">
        SELECT ofe.*
        FROM oss_file ofe
        WHERE 1 = 1
        <if test="map.id!= null "> and ofe.id = #{map.id}</if>
        <if test="map.issueId!= null "> and ofe.issue_id = #{map.issueId}</if>
    </select>

</mapper>
